project;#commits;#authors;From;To;#stars;#forks;LastGHCommitDate;LongestGapStart;LongestGapEnd;LongestGapLength;NumCommitsAfterLastGap;NumberOfGapsInTimeline;ActivityPattern;BeforeThemes;AfterThemes;HypothesizedGapReason;HasRecovered;WhyRecovered;WhoRecovered;Currentstatus;RecentThemes;Notes
delftdata_valentine;493;27;1561729814;1760442339;126;26;2026/07/26;2021-12;2022-05;6;146;3;steady;Release:Documentation updates;Release:Dependency updates;Pre-gap commits were finishing Python 3.10/3.7 compatibility work by core maintainers. README shows it is an active, peer-reviewed academic project, so gap is most likely reflecting normal academic downtime.;Yes;Dependabot dependency bump (numpy) landed before the mainainers resumed manual work the same day, moving on to Python 3.11 support.;Kyriakos Psarakis/Asterios Katsifodimos (same);Active;Bug fixes:Documentation updates;Valentine shows a steady activity pattern with three multi-month gaps, the longest a six-month pause from December 2021 to May 2022. The pause lines up with the end of a round of Python compatibility work by the same core maintainers, and nothing in the commits or README points to any internal trouble. It ended with a routine dependency bump, followed the same day by the same team resuming work on Python 3.11 support. The project remains active.
darioizzo_geodesynets;368;7;1600337492;1758027483;20;5;2025/09/16;2023-03;2024-11;21;15;4;steady;Merging:Cleanup;Feature development:bug fixes;Pre-gap commits end with 'cleanup and synch after rebuttal and substantial additional work' (Apr 2022) and a PR merge in Feb 2023, which points to a paper under peer review. README confirms it is research code for a specific population. Repo likely stopped seeing activity after the paper cycle finished.;Yes;Pietro Fanti, a new contributor, started pushing feature and fix commits in Dec 2024, merged by original author Dario Izzo.;Pietro Fanti (new);Inactive;Feature development:Bug fixes;geodesyNets follows an otherwise steady pattern but includes a 21-month gap from March 2023 to November 2024, tied to the end of a paper's peer review cycle based on the commit language. Recovery came from a new contributor, Pietro Fanti, who resumed feature work in December 2024, with the original author merging his changes. This fits the common shape of single-paper academic research code going quiet between publications. The project is currently inactive.
antonio-jp_dd_functions;484;12;1520505564;1749739260;4;3;2022/03/03;2022-10;2024-12;27;26;4;irregular;Bug fixes:Documentation updates;Cleanup:Release;Pre-gap commits (Aug-Sep 2022) are routine documentation and bugfixes by Antonio Jimenez-Pastor, the original author. README shows code is a SageMath extension funded by a specific grant, so there was likely no activity once the grant-funded work ceased.;Yes;Matthia Koeppe, a SageMath core maintainer, pushed compatibility fixes ('sage -fiximport') in Jan 2025 as a part of a deprecation sweep, which was followed a few months later (Jun 2025) by original author Antonio Jimenez-Pastor returning to cleanup deprecated APIs;Matthias Koeppe (new)/Antonio Jimenez-Pastor (same);Inactive;Feature development:Testing;dd_functions has an irregular activity pattern with four multi-month gaps, the longest running 27 months from October 2022 to December 2024, roughly matching the end of a specific grant-funded period. Recovery happened in two stages: an unrelated SageMath core maintainer pushed compatibility fixes in January 2025, then the original author returned in June 2025 to continue that cleanup himself. GitHub's default branch view understates the project's recent activity, since real work has continued on a separate develop branch. Based on that default branch, the project currently reads as inactive.
anybotics_elevation_mapping;745;87;1385453472;1753933410;1.9K;507;2024/11/04;2024-12;2025-06;7;2;3;declining;Merging:Documentation updates;Merging:Documentation updates;Last pre-gap merge (PR #269) states 'Discontinue Elevation Mapping Maintenance'/'Added disclaimer that maintenance is discontinued to the readme.' Self-explanatory.;No;N/A;N/A;Inactive;Merging:Documentation updates;elevation_mapping shows a declining pattern that trails off almost entirely by the end of its history. The longest gap, from December 2024 to June 2025, is explained directly by a pull request explicitly titled to discontinue maintenance of the project. The one commit after the gap is an unrelated contributor editing the README rather than a genuine resumption of development. The project is currently inactive, consistent with that discontinuation.
singmann_afex;711;22;1435608057;1756241804;131;30;2025/12/14;2023-06;2023-12;7;29;4;cyclical;Bug fixes:Feature development;Bug fixes:Feature development;Pre-gap commits (Apr-May 2023) are routine CI/test maintenance by Henrik Singmann, the maintainer. There isn't any sign of an internal problem with the repo.;Yes;PR #124 says ggplot2 was about to release version 3.5.0 with breaking changes that would break afex, discovered by their own reverse-dependency check ahead of a Feb 12 CRAN release deadline.;Teun van den Brand (new);Inactive;Bug fixes:Release;afex has a cyclical activity pattern with four multi-month gaps, the longest a seven-month pause from June to December 2023. That gap ended because an upcoming breaking release of the ggplot2 package forced a compatibility fix, authored by a ggplot2 developer rather than a regular afex contributor. The long-standing maintainer merged the fix and continued his own work right after. The project remains active.
opensafely_antibody-and-antiviral-deployment;519;14;1641313155;1730894499;1;4;2024/02/13;2023-02;2024-01;12;41;2;declining;Documentation updates:Release;Bug fixes:Documentation updates;Pre-gap commits (Jan 2023) show report-writing activity and several reverted changes on the same day, which suggests a study or report being wrapped up. README confirms the project produced a specific preprint on antiviral/antibody deployment trends, so original scope was likely satisfied once the report was finished.;Yes;Rose Higgins, a new contributor, resumed work in Feb 2024. Later post-gap commits add 'long COVID codelists', suggesting the project was reactivated to extend the original study to a new research question.;Rose Higgins (new);Inactive;Feature development:Merging;This project shows a declining pattern with two multi-month gaps, the longest lasting 12 months from February 2023 to January 2024. The gap lines up with the completion of a specific preprint the repository produced, and recovery came under a new lead who extended the original study to a new research question involving long COVID. The project is currently inactive.
sebmart_taxisimulation;588;6;1432573855;1731600175;17;11;2024/11/14;2018-02;2024-10;81;39;4;declining;Bug fixes:Documentation updates;Bug fixes:Testing;Pre-gap commits (2016-2018) are from original author Sebastien Martin tied to an Operations Research paper on online vehicle routing. The research code likely stopped once the paper work concluded.;Yes;Contributors ported the package from an outdated Julia syntax/graphics stack (SFML->CSFML) to work on current Julia. README references this fork as RoutingNetworksPotato.;OwOlamNoob/hoangvanphi (new);Inactive;Documentation updates:Feature development;TaxiSimulation shows the most extreme decline of any project studied, with an 81-month gap from February 2018 to October 2024, the longest gap recorded across all ten projects. The original author's work was tied to a specific research paper and stopped once that work concluded. Recovery came entirely from new contributors porting the codebase to a modern version of Julia for their own use, and the original author never returns in the post-gap commits. The project is currently inactive.
brainstorm-tools_brainstorm3;7833;122;1477005850;1762292977;487;190;2026/09/15;N/A;N/A;0;N/A;0;cyclical;N/A;N/A;N/A active project;N/A active project;N/A active project;N/A active project;Active;Bug fixes:Merging;brainstorm3 is the only project studied with no inactivity gap of three or more months across roughly 15 years of history. Its cyclical pattern and large, sustained contributor base of over 100 authors set it apart from the single-author research code seen in the other projects. The project remains actively maintained today.
langurmonkey_gaiasky;8552;33;1418309310;1762350620;13;1;2026/09/22;2024-08;2024-08;1;643;0;steady;Bug fixes:Feature development;Bug fixes:Feature development;N/A active project;N/A active project;N/A active project;N/A active project;Active;Feature development:Bug fixes;Gaia Sky shows a steady activity pattern with no meaningful inactivity gaps, aside from a single quiet month sitting inside otherwise continuous activity from one maintainer. This project is best described as having stayed essentially always active rather than having a real gap to interpret. It remains active today.
jump-dev_sumofsquares.jl;2079;37;1470927779;1776253611;131;26;2026/09/21;2022-05;2022-07;3;906;2;irregular;Bug fixes:Release;Bug fixes:Release;Pre-gap commits are feature/fix/docs work by Benoit Legat, the maintainer, with the Documenter.jl bot building docs on every push. README confirms the repo is an actively maintained JuMP-ecosystem package with regular community engagement (39 open issues, 15 open PRs). Gap is likely just a normal break.;Yes;Same maintainer resumed the same work.;Benoit Legat (same);Active;Bug fixes:Testing;SumOfSquares.jl shows an irregular pattern with two multi-month gaps, the longest a short three-month pause from May to July 2022. Nothing in the commits or README points to any real disruption around that gap, and the same maintainer continued the same kind of work on both sides of it. The most likely explanation is an unremarkable seasonal lull rather than a genuine interruption. The project remains active.
