Month;#Commits
2015-06;9
2015-07;10
2015-08;17
2015-09;5
2015-10;7
2015-11;3
2015-12;2
2016-01;8
2016-02;3
2016-03;0
2016-04;27
2016-05;0
2016-06;0
2016-07;1
2016-08;0
2016-09;0
2016-10;0
2016-11;0
2016-12;4
2017-01;4
2017-02;4
2017-03;37
2017-04;26
2017-05;8
2017-06;3
2017-07;3
2017-08;2
2017-09;0
2017-10;8
2017-11;16
2017-12;5
2018-01;12
2018-02;14
2018-03;38
2018-04;22
2018-05;0
2018-06;15
2018-07;0
2018-08;11
2018-09;37
2018-10;0
2018-11;2
2018-12;0
2019-01;0
2019-02;19
2019-03;6
2019-04;4
2019-05;15
2019-06;0
2019-07;20
2019-08;9
2019-09;0
2019-10;0
2019-11;1
2019-12;0
2020-01;7
2020-02;5
2020-03;24
2020-04;0
2020-05;38
2020-06;23
2020-07;1
2020-08;31
2020-09;0
2020-10;7
2020-11;0
2020-12;0
2021-01;4
2021-02;0
2021-03;1
2021-04;0
2021-05;12
2021-06;1
2021-07;27
2021-08;0
2021-09;4
2021-10;0
2021-11;0
2021-12;3
2022-01;1
2022-02;0
2022-03;17
2022-04;2
2022-05;5
2022-06;0
2022-07;0
2022-08;0
2022-09;1
2022-10;2
2022-11;1
2022-12;0
2023-01;3
2023-02;0
2023-03;1
2023-04;20
2023-05;4
2023-06;0
2023-07;0
2023-08;0
2023-09;0
2023-10;0
2023-11;0
2023-12;0
2024-01;3
2024-02;2
2024-03;0
2024-04;4
2024-05;0
2024-06;4
2024-07;0
2024-08;0
2024-09;1
2024-10;0
2024-11;0
2024-12;0
2025-01;0
2025-02;0
2025-03;2
2025-04;0
2025-05;2
2025-06;0
2025-07;0
2025-08;11
